id;sequence;ChIPseq;AA;AC;AG;AT;CA;CC;CG;GA;GC;TA
mm9_chr10_110355828_110356672_+;TCTAGTGGACCTCAGGAGTAGCAGAAAAAGGACAATCGCTTGCTGAAAAAAAGGGAACATGAACTACCCTGCTTCCTTCAGTGAAAACAAACCAGAAGCCCCTCCCGTAAGAAGTGCAGCAAGCTGCGGAGGTAAAGCAAACAGATCGGAATCGTGAATGTAAGAATTGCTGGTATTTAGAAAAGCTCACAGCAGGCACCCATGCTTTCAAACTCCTGCCGCAATCTGGGGGAGATGTCAATCACTACTTGCACTGTTTTTCAACAGTCCTTGGTGGACAGAGAATCTGGCTGCAATTACGAGCTTATTTTGGATTGGGCCCAGCATACGACATAAAAAGGCATAAACCAGGCCTGTACTTTGTCACCGGAGGGGCCTTCCTCAACTCTGCCTCCTCCTACCCCCCCTAACAGGGCCTTTGGCAACGTAAGCGGGAAATTTTTTATTGTCGCAACGCGAGGGTACTGGCATCTATCAGTTAAAGTCATCCTAACCCCCACCAAAGAACTAGGCTATTAACAGCATGATGTTGCGCCTGGATGAAAGGGGTGATCGATTTGTGACAGAGGGGAGTAGTTTTGGTCGCTGCCTATTGCGGCGTGGAGGTCACCACTCTTCAAATACTAATTCTTAGGGCAACCCACTACTGATGACAGAGAAGTGGATCACCAAATGTCCTAGAATACAAACCAGATAGAGATGACATTATTTTGCTTTTTGTCTAGAACAATAATATGTCACCTCAAGCCCAGATTTTAGGTCCTTTCTGCTGTCTTCGCCGGCGAGACATCCCTGGACTTTTCGGACAACTGCAAACAATTGCAAACTGAAACCCGAAGCCTTT;1;0.176;0.103;0.142;0.055;0.141;0.129;0.028;0.119;0.059;0.047
mm9_chr10_115697727_115698632_+;CTACCACTGAGCTATATCCCCTGTTTTTTTGTTGCTGAGACAACAGTTTAATTTCATTGCCCAAACTGACCTTGAACTCACTGAAGCCCAGTCAGGCCTTGACATTCCTGGGATTCCAGGCCTGCACCACCAGACCCAGCTTCCTAGCAATGGCCTCTGCCCACTGGTGCTGCAAGCCTGTGCACAGTGCATCTTCCGATCCCCTCACGCTGGGCATTGTTGCTCACACCTGAAATCCCAGCACTTGGGATACCGAGCAAGAGGATGACAGAGGGTTTAAGGCCATACTGAACTACACAGCGAGTTTGAGGCCGTCACAGGCTATAGAGGGAAATTCCATCTTTGTCTAAAAAAAGCAAATAATCTTCTCGTATCTCACAGCAGTTTCCTTAGAGAAGCCGAGGATGGCTAAGAGCTGAGGAAAAAACAAGACAGTGGCTTGGATATGGGGCTTATCTCGTGGCTGATGAGTCACGAGTCTGAGCACTGGGCAGAATCAGAAATCCTGGAGGAAAGATACTATGATCCGTGGTGGTTCTCCCAAAGTCAGGCAAGAACAGGTCCTCTGTACTCACATCTCAAACCTACATGTGTGCAGTAAACTCCTGTGTTCTGGTTCAGGCCCGAGTGTGTTGTGCTGAATGGGCGTTTCCAGTTCAAAGCAGCGACACAGCTTTCCAGGGGACTCTGGCAGGGCTCTGTTATTACTGGCTTTCAGGCAACATCTATAAATAGACACCACAGTTCTGGTGGCAGATTCATAAGTCTGCGGTTCCACTTTTAATAATACTTTCGAGCATATATGCAGCTAAAATAGGCTATCTCTCTTTTTTTTTTTTCTTTTTCTAAGTAGTTCAAATTCAGTGTGAGGCACCCACGAGTGTTTTATTTAGAAGCGTATTAGT;1;0.154;0.108;0.162;0.054;0.157;0.113;0.019;0.125;0.061;0.048
mm9_chr10_116582577_116583001_+;AATGACTGGACACGTGTGACACGGCGGTATCCTGACTATTCTGAGAGATGCCTACACAGGGAGACCCCTGTCTAAAAGAAAGAAGCTTCTATGTTGTTGAGAAAACACAACCATAACAGAACTCAGCACCCAGTAACTAACAGTATTGGCCCACACCCGTAAGTGTTCCCGTCTCAACTGTGACACGTGACCTAAGTTATAACAAACACTTCACTTTTGTACAAGTGCAAACTTCAGATAAGCCCATCTATGTGGTTAAGGATTTACACACACTTTTTGCTTTCAGAGTCTTTTGTTGTGAACAGGGTCACCTTGCCACTCCTTTGCCACTGCAAGCATGACACCACATTCAGACAGATACTTACTTATACTGTAAACTTTTGTACAAGTATCTTACATCCCACTAGGTTCACATTCCACAGCC;1;0.161;0.182;0.137;0.045;0.177;0.087;0.014;0.102;0.031;0.064
mm9_chr10_118248139_118248923_+;AGGGGAAAGTTTTCTATCGTGCACTGCCCCTCCCCCACCCCAGCCATTGCATTATTCTGGTTTGGTTGTGTTTTTCTAAGTTCCCCTCCTCCCTCTATAATTTCCCCTGGCTGGTCCCCAAGTCACTACTTCCTCCTGTGATCCTGTGCTGTCCCCCACCCCCACCCCCACCCCAGTTTCCCTTCATCTGTTTTCCTTACAGCTTCACTGACACTCCCTCTTGTTTATCTTCGGAGTCATCACATCCTCTATTAACAGAGGTTATCTCAGGCTGTTGACTCCCATCTCAACAGCACTCATTTCTTCTGACCCTACTTTAAAGGGGAATTTCATTTCATTATTTATTCATTTTTTTTTCTCCCAAGGGGATGATCACTCGGATTTTCTAAGGTTCCTGCGGTCCGTCGGACAACAGGAAGGAATTTCATCAGCTGGGAGACAGCTGGTAGGAGACACAGTCCATCCTTCCCCAGGACTTCCTTCCAGCCTCTCTTCTCACTCATCCCTCGGCTCTGCTTCGAATACACTCTCCTCCATCACTTGGCGTGGTCAGCGCAGAATAAGCTTGAGAGAGAATAATAGCACTGGACTCTGTGAACGTTTTCCAGGGACGCCCAGCCTTGATCCTAGGGTGCTGTTAACCAGTGGCATTGAATTTCATTCCAAAGGCATTGCTGTTTACATAAAGCTGTGTCTGTCAGACCCAAGCATGGTGGGAACCACAGAAGAAATTACAGGGAAGGCAAGCAGCATTTGCCTTCAAGATTGGGTCTCTAGGGAGAGC;1;0.151;0.096;0.156;0.055;0.142;0.160;0.015;0.149;0.042;0.034
mm9_chr10_120914227_120914977_+;TTTTTTTTTTTTTTTTTTTGCTTAGGGTGACCTGGGGGGTCGTTTTCCCCTTGGCGTGATGGAGTTGACTTGAGTCCTACTAACTTGCTTGCAAGAGACCTTGATGGGAAAGAGGGTTTGAAGCTTTAAGGCTGCTATGATATGCAGGCCGTAGCAGAATTTTTGTTTTGTTTTTTAAGGAGTTTTTTAAAAGAGAAACTCGTCATTGCTTATGGCTAAGCCCTTTTCTCCTCTACTCCCCCAGTGCTGTGACTAAAACATAAAGGTAGCAGTCGCCTTCAGGCTGAGACCCGCTGCTTCTGTGGCGTTTTTGTGTACCCTTCCTGGAATCAGGACTGAGTGCCTAATCGTCACTTGAGAACGAGAAGGGGGGAAAGCCAGACCGGAGAGAAGTCTGGGACAAGGGAAAGAAATGGCTCCTGTGTAGTTCCTTCCTCCCTCGGGCAGAAAGAAGGCTGACTTATCTGCCTTCCTGCAGATTTATTCACGTGTTCAGCATGCAAACTGGCCTTTCACTCCAGGGAACTCACCCCCAGAGGGGCCTTAGAGTCACAGCCTATTTTAAAGCCCTTACTTGAAAGACTTCTTCCCAGGCACCACTCGACTATGGATGACTAGAAAGCAGAGTCTGGCTTTACTCTTCCTTTAGCCGGAAAGCCTTACTTTACAGGTTCCTTGTGTACTTAGGAGCCAAATGTAAGAGAAGAGGACAATCACTCCATGCAAGATTTGTCTTCTTTAACTCCTACT;1;0.198;0.096;0.180;0.031;0.115;0.132;0.019;0.130;0.053;0.047
mm9_chr10_121461998_121462778_+;AAAATAAGGTTTGAAAAAATTAAAACTATATACCACAAACTCTCAGTTTATTTGGGGAAGACTTTTTTTTTTCCCCTTTCAGATGCCTTTTATGATGCAAACTAAATCCTAAAACTCTCTGATGATCCCCTCACAGATATCATTCGGTGTGTGAATCATAAAATAGCCGTAGACGGTCAGTGCACTACACCAACGATTGTTTATAGTCATGCAAACACTGCCTATGTCCAGCCCAGCTGAGCATGCGCAGATCCCTTGTCTATTCCACAAAACTGCTATCTATAATCTCAAGAGCTCAAGGGCCATGGATTTCAACTAACTTAAGGTGTGGCCTTGATAGGTTCCAGAGACTCAGTGTGACAATCCCTTGGGTTGTGGCACCATGCTGGCTGCTCTCCTCCAACACTGCCAAGCAGTCGGCAACGGAATACGAGAGAAGAGAAAAACACTTTAACTTCCCAAAATACACAGCCCTTGTTTGGGCTAGGGCACTGTAAAAGTGTTGACAGCAATGTGTTCTCCTGGAGTGACTCCCTTCCCCTCCCCTCCCCCAGCCCAATCTGGCTATGTTTTTGAGAGGGGCCCTCACACACTGAAGAGTACGATGATAAAGGATGTGGTACTGGTGAGAGGCCTGGAAAGCGTCATCCCTCGCTCACTCACACCTCAACACCTTTCCAGGGCAAACCTAGGGTCTAGTCAAGGAGCCAAAAACGCGGTAAGGTATCCTTGATTCCTGCAAAGCCACGAATCTATGGGGGTGTCACAGGAGATAATGGC;1;0.162;0.112;0.142;0.060;0.151;0.134;0.018;0.122;0.049;0.050
mm9_chr10_126423630_126424468_+;CGTGAGAGGCCACCATCCACTGCTGCTCTGCCTGGGGCCTGCCTTGTCTAGGCATCTCCTGCCCTCTTGTCTCTTTGCCCACTTACCTACTGGTCCAAGGAGCCCTTCCATCAGCCTGGCACTTGAGTGCCTGTCTGTAGCCAAGGCACAGATGCTGCTGCTGACAACCTGGGAGGACTCCTCTCCACAGGGAGGACTCCTCTCCACAGGGAGCCCCAGTCAGATGTGCCTTGGCTGCAGGGCCCAGGCAACTGGCCAAGAAGGGCCGGAAATGCTCCAAATACTCTCCTTCCTCCAATAGCACAGGGGAGGGAGGCCGCTCAGAGAGGCCATTTTATAGTGAGAGCAGCCCTGCCCTGTGCTGTGGTAGGATGGGAGCTGAGGGGAAGCTCGGATGTTGAAGGGAGTGAACCAGAAAAGTATCCTTGTATGTGAATGGTCTTCTGAAAATCCCATAGCTCAAGGAGTTGCCTTCTGCCTTTCCGGCGCTGTGCGGATTTCCTGTGAGGAATTCCTTTACCAGGATACATAACTGTGTTGTTGGCAACTGTGACAACTAAACCTGACCTTCAGAAGGTTAAAAATAATGCCATCCTGGTAAGGCCAGGCTTCATCTTTTTACAGGCACAGGTTTCTATAGGGAATTACTGCTGTGGGGGTGCCTAGGGGAGAGGGCGGTGTTAGCATCAGGTGATGCTCGTCTTGTCGTATCCCAGCACTGTCCATCGAGGCTGAGAGTGGGAAGGCAAGGTATGGTGGATGGGGAGTTGGGGGAGGGTTCTCCCAGGCACACATCCCTCATCTGACCCCGAATTTCAACCACACATGAGGAAGTGAG;1;0.099;0.094;0.172;0.044;0.161;0.185;0.014;0.129;0.068;0.032
mm9_chr10_127104997_127105856_+;CGAGGAGGGGGATCTCTTGGTTTCCCGAAGAGGGATGGGTACTTTAGGAGGAACGATTTCAATAGCTCAGGTTTTTGTCTTCCAAACATACTAGGGATTGTAGGAAGGTGCAGGGTCCTTCTCCCGACCCTTTGCTACTAAGGAGGGCGCGACTAGACGGCCTTTCCTTCAATGTGTGCGGCGCCCCTCCCCCACTCCCCCGTCCGGTTATTTTGGAGTCTGGGCTGCCAGCCGCTGGCCCCGGGTTTCCTCGTGCCCCCGCCCTCCCCCCTGCCCACGCTCCCCGTGACGCACATCCTTCGCCCACACTGCCTTTGCTCCGGGCGCCCCCCTCCCTCCCACAGGTCCCTTTAGGGTGGCGCTAAGTCCTGGGGTCTGGAGAGAGGGAGGGCAGCTAGTGCCGCGGTAGGGGGTGGGGAAGCTTGGGGCGTGAAGCCGGGGAGCCGGAACTTACTGTGTGCCTGGTCCTGGTCCAGGAAAGAAGACGATGGAGAGACGCCGAATCTGAGGCCTTGGCTCCCGTGTTTGGGACCAGGAGGGAAGGAGAGAAGATAGATTTCGCTGAGACACTTGCCCGGGTCCCTTTGTGGGTCAGAATGGGTCCCGATGAGAACCTGAGTGTGAGAGTGAAACTACGGAGTATCATTTGTAGCTTTGTTCCTCAAGACTTGCCATGAGATTTAAGTAGAGCGCCTGTGTGGAAATTGTTAATTGTAGCTAGTCAGATCGAAGACTATTGACAGCATTTTGAGTTTATGTGTTTGTTTCTTTATATCTACTGTGTATCTGTGTCTGTGGATTGTATCCGAGTCCTTGTGTGTGTATTTTAAAATACATACATTAGGGGAAAAAAAATACA;1;0.125;0.107;0.143;0.041;0.115;0.196;0.044;0.132;0.054;0.043
mm9_chr10_127586495_127587092_+;CTGCCTCTCTCCCTTCAGCTTTTTCAGTGCAGCTTCGGAACCCAGAGGATTAGACAAAATAAGCTGGAGAATGCCCTGGAGGCTGAGAGAAAAAAAAAAGAAAGAAAGAAAAGAAAAAGGAGGCGGGGACTGGTGGTCCTTGGGTCTTTTGAGGCAAAGAGTCATAAGGAATGACTGTCGGCCAGAGGACACTCGAGCTGCTATCCCCATCAAGGCCCCAGGGTGGAGCCTGCTGCAGCCCAGCAGCCTGAGACTTTGAGCTAGAGTTTCCACTGCAGCTGGCAACAGCTGGGTCAGTGCTGCTTCCTCCTCCACAGGAGCCCCTTCCAGAGAACCAGAAGTTCTAGTCCCAGGCCACACCTCCCCTTCCGGCCCACCAGAGTTTGGGATCCAGCAACCCAGGAAGAGATCCCGGGGACACTGGCAGGAAGTCCTTCTGAGCAGGAGAGCCCGCCCTTCTCAGATAGGCTGGGCCCCTCCCTCTCCTCTATCAGGCTCCACCCAACCCATGCCTTCTCCCTGCACTTACTCCAACATTTTTGTTTGACTGGTTTGTTTCTTCCTTTATTTTATTTTATTATTTTATTTTATTTCTGA;1;0.154;0.067;0.191;0.032;0.129;0.180;0.012;0.144;0.065;0.025
